Code,Name,Image,ac_sale,ac_cost,ac_stock,ac_stock_adj,ac_cost_variant,ac_purchase
C0001,Air Machine Filter,c1.png,,,,,,
C0002,Air Machine Filter,,,,,,,
C0003,BRAKE OIL,,,,,,,
C0004,Car Table,,,,,,,
C0005,Cup Holder,,,,,,,
C0006,Leather Tray,,,,,,,
C0007,Metal logo sticker,,,,,,,
C0008,Mirror,,,,,,,
C0009,Normal logo sticker,,,,,,,
C0010,Other,,,,,,,
C0011,Oil,,,,,,,
C0012,OIL FILTER,,,,,,,
C0013,POLISHING,,,,,,,
C0014,POLISHING,,,,,,,
C0015,Premium Wash,,,,,,,
C0016,Refill ,,,,,,,
C0017,Seat bell clips,,,,,,,
C0018,Soft drink ???????? ??,,,,,,,
C0019,Sticker,,,,,,,
C0020,Tissue Box,,,,,,,
C0021,USB Charger,,,,,,,
C0022,?????????,,,,,,,
C0023,????????,,,,,,,
C0024,???,,,,,,,
C0025,???????,,,,,,,
C0026,???,,,,,,,
C0027,???,,,,,,,
C0028,??,,,,,,,
C0029,???,,,,,,,
C0030,??,,,,,,,
C0031,??,,,,,,,
C0032,???,,,,,,,
C0033,???,,,,,,,
C0034,???,,,,,,,
C0035,?????,,,,,,,
C0036,????,,,,,,,
C0037,?? Carmat,,,,,,,
C0038,???,,,,,,,
C0039,???,,,,,,,
C0040,??,,,,,,,
